"801","BAS-48-1 C","Basic Switch 10/100/1000 BaseT","Massachusetts"
"569","ENT-48-40F","Enterprise Switch 40GigE SFP+ ","Massachusetts"
"435","BAS-48-1 C","Basic Switch 10/100/1000 BaseT","Vermont"
"430","BAS-48-1 C","Basic Switch 10/100/1000 BaseT","Minnesota"
"430","BAS-48-1 C","Basic Switch 10/100/1000 BaseT","West Virginia"
"427","BAS-48-1 C","Basic Switch 10/100/1000 BaseT","Georgia"
"421","BAS-48-1 C","Basic Switch 10/100/1000 BaseT","Missouri"
"419","BAS-48-1 C","Basic Switch 10/100/1000 BaseT","New Mexico"
"411","ADV-48-10F","Advanced Switch 10 GigE Copper","Massachusetts"
"411","BAS-48-1 C","Basic Switch 10/100/1000 BaseT","Oregon"
"409","ENT-48-10F","Enterprise Switch 10GigE SFP+ ","Massachusetts"
"409","ADV-24-10C","Advanced Switch 10GigE Copper ","Massachusetts"
"409","BAS-48-1 C","Basic Switch 10/100/1000 BaseT","Delaware"
"407","BAS-48-1 C","Basic Switch 10/100/1000 BaseT","New York"
"406","BAS-08-1 C","Basic Switch  10/100/1000 Base","Massachusetts"
"405","BAS-48-1 C","Basic Switch 10/100/1000 BaseT","Maine"
"405","BAS-48-1 C","Basic Switch 10/100/1000 BaseT","Kentucky"
"404","BAS-48-1 C","Basic Switch 10/100/1000 BaseT","South Dakota"
"404","BAS-48-1 C","Basic Switch 10/100/1000 BaseT","Nevada"
"403","BAS-48-1 C","Basic Switch 10/100/1000 BaseT","Tennessee"
"402","BAS-48-1 C","Basic Switch 10/100/1000 BaseT","Texas"
"401","BAS-48-1 C","Basic Switch 10/100/1000 BaseT","Hawaii"
"399","BAS-48-1 C","Basic Switch 10/100/1000 BaseT","Maryland"
"398","BAS-48-1 C","Basic Switch 10/100/1000 BaseT","North Dakota"
"397","BAS-48-1 C","Basic Switch 10/100/1000 BaseT","Iowa"
"396","BAS-48-1 C","Basic Switch 10/100/1000 BaseT","Idaho"
"396","BAS-48-1 C","Basic Switch 10/100/1000 BaseT","Mississippi"
"395","BAS-48-1 C","Basic Switch 10/100/1000 BaseT","Michigan"
"393","BAS-48-1 C","Basic Switch 10/100/1000 BaseT","Louisiana"
"393","BAS-48-1 C","Basic Switch 10/100/1000 BaseT","Washington"
"392","BAS-48-1 C","Basic Switch 10/100/1000 BaseT","Arizona"
"391","BAS-48-1 C","Basic Switch 10/100/1000 BaseT","Illinois"
"391","BAS-48-1 C","Basic Switch 10/100/1000 BaseT","Pennsylvania"
"389","BAS-48-1 C","Basic Switch 10/100/1000 BaseT","New Hampshire"
"389","BAS-48-1 C","Basic Switch 10/100/1000 BaseT","Florida"
"389","BAS-48-1 C","Basic Switch 10/100/1000 BaseT","Oklahoma"
"387","BAS-48-1 C","Basic Switch 10/100/1000 BaseT","New Jersey"
"387","BAS-48-1 C","Basic Switch 10/100/1000 BaseT","California"
"387","BAS-48-1 C","Basic Switch 10/100/1000 BaseT","Indiana"
"387","BAS-48-1 C","Basic Switch 10/100/1000 BaseT","Ohio"
"387","BAS-48-1 C","Basic Switch 10/100/1000 BaseT","Alabama"
"386","BAS-48-1 C","Basic Switch 10/100/1000 BaseT","Kansas"
"386","BAS-48-1 C","Basic Switch 10/100/1000 BaseT","Connecticut"
"384","BAS-48-1 C","Basic Switch 10/100/1000 BaseT","Rhode Island"
"383","BAS-48-1 C","Basic Switch 10/100/1000 BaseT","Alaska"
"382","BAS-48-1 C","Basic Switch 10/100/1000 BaseT","Wisconsin"
"379","BAS-48-1 C","Basic Switch 10/100/1000 BaseT","Wyoming"
"377","BAS-48-1 C","Basic Switch 10/100/1000 BaseT","Montana"
"377","BAS-48-1 C","Basic Switch 10/100/1000 BaseT","Utah"
"376","BAS-48-1 C","Basic Switch 10/100/1000 BaseT","Colorado"
"376","BAS-48-1 C","Basic Switch 10/100/1000 BaseT","Arkansas"
"373","ENT-24-10F","Enterprise Switch 10GigE SFP+ ","Massachusetts"
"369","BAS-48-1 C","Basic Switch 10/100/1000 BaseT","South Carolina"
"367","BAS-48-1 C","Basic Switch 10/100/1000 BaseT","Nebraska"
"367","BAS-48-1 C","Basic Switch 10/100/1000 BaseT","North Carolina"
"333","ENT-48-40F","Enterprise Switch 40GigE SFP+ ","Alabama"
"333","ENT-48-40F","Enterprise Switch 40GigE SFP+ ","Indiana"
"332","ENT-48-40F","Enterprise Switch 40GigE SFP+ ","Alaska"
"320","ENT-48-40F","Enterprise Switch 40GigE SFP+ ","Arkansas"
"319","ENT-48-40F","Enterprise Switch 40GigE SFP+ ","Montana"
"318","ENT-48-40F","Enterprise Switch 40GigE SFP+ ","North Carolina"
"311","ENT-48-40F","Enterprise Switch 40GigE SFP+ ","Vermont"
"308","ENT-48-40F","Enterprise Switch 40GigE SFP+ ","Iowa"
"301","ENT-48-40F","Enterprise Switch 40GigE SFP+ ","Mississippi"
"300","ENT-48-40F","Enterprise Switch 40GigE SFP+ ","Minnesota"
"300","ENT-48-40F","Enterprise Switch 40GigE SFP+ ","North Dakota"
"299","ENT-48-40F","Enterprise Switch 40GigE SFP+ ","Illinois"
"296","ENT-48-40F","Enterprise Switch 40GigE SFP+ ","South Dakota"
"294","ENT-48-40F","Enterprise Switch 40GigE SFP+ ","Idaho"
"293","ENT-48-40F","Enterprise Switch 40GigE SFP+ ","Tennessee"
"293","ENT-48-40F","Enterprise Switch 40GigE SFP+ ","Oregon"
"292","ENT-48-40F","Enterprise Switch 40GigE SFP+ ","Nevada"
"292","ENT-48-40F","Enterprise Switch 40GigE SFP+ ","Colorado"
"291","ENT-48-40F","Enterprise Switch 40GigE SFP+ ","Pennsylvania"
"289","ENT-48-40F","Enterprise Switch 40GigE SFP+ ","New Jersey"
"289","ENT-48-40F","Enterprise Switch 40GigE SFP+ ","Nebraska"
"288","ENT-48-40F","Enterprise Switch 40GigE SFP+ ","Maine"
"288","ENT-48-40F","Enterprise Switch 40GigE SFP+ ","New York"
"288","ENT-48-40F","Enterprise Switch 40GigE SFP+ ","West Virginia"
"287","ENT-48-40F","Enterprise Switch 40GigE SFP+ ","Arizona"
"286","ENT-48-40F","Enterprise Switch 40GigE SFP+ ","Louisiana"
"286","ENT-48-40F","Enterprise Switch 40GigE SFP+ ","Oklahoma"
"285","ENT-48-40F","Enterprise Switch 40GigE SFP+ ","Wyoming"
"284","ENT-48-40F","Enterprise Switch 40GigE SFP+ ","Texas"
"284","ENT-48-40F","Enterprise Switch 40GigE SFP+ ","South Carolina"
"283","ENT-48-40F","Enterprise Switch 40GigE SFP+ ","Washington"
"281","ENT-48-40F","Enterprise Switch 40GigE SFP+ ","Florida"
"281","ENT-48-40F","Enterprise Switch 40GigE SFP+ ","Maryland"
"281","ENT-48-40F","Enterprise Switch 40GigE SFP+ ","Hawaii"
"281","ENT-48-40F","Enterprise Switch 40GigE SFP+ ","Delaware"
"279","ENT-48-40F","Enterprise Switch 40GigE SFP+ ","New Mexico"
"278","ENT-48-40F","Enterprise Switch 40GigE SFP+ ","Michigan"
"278","ENT-48-40F","Enterprise Switch 40GigE SFP+ ","Georgia"
"276","ENT-48-40F","Enterprise Switch 40GigE SFP+ ","Kansas"
"274","ENT-48-40F","Enterprise Switch 40GigE SFP+ ","New Hampshire"
"272","ENT-48-40F","Enterprise Switch 40GigE SFP+ ","Missouri"
"272","ENT-48-40F","Enterprise Switch 40GigE SFP+ ","California"
"271","ENT-48-40F","Enterprise Switch 40GigE SFP+ ","Kentucky"
"268","ENT-48-40F","Enterprise Switch 40GigE SFP+ ","Rhode Island"
"268","ENT-48-40F","Enterprise Switch 40GigE SFP+ ","Ohio"
"265","ENT-48-40F","Enterprise Switch 40GigE SFP+ ","Wisconsin"
"263","ENT-48-40F","Enterprise Switch 40GigE SFP+ ","Utah"
"257","ENT-48-40F","Enterprise Switch 40GigE SFP+ ","Connecticut"
"232","ENT-24-10F","Enterprise Switch 10GigE SFP+ ","Delaware"
"231","ENT-48-10F","Enterprise Switch 10GigE SFP+ ","Connecticut"
"230","ENT-24-10F","Enterprise Switch 10GigE SFP+ ","West Virginia"
"226","ENT-48-10F","Enterprise Switch 10GigE SFP+ ","Alaska"
"226","BAS-08-1 C","Basic Switch  10/100/1000 Base","Kansas"
"225","ENT-48-10F","Enterprise Switch 10GigE SFP+ ","Louisiana"
"225","ENT-24-10F","Enterprise Switch 10GigE SFP+ ","Wisconsin"
"225","ENT-48-10F","Enterprise Switch 10GigE SFP+ ","New Mexico"
"224","ADV-48-10F","Advanced Switch 10 GigE Copper","Wisconsin"
"223","BAS-08-1 C","Basic Switch  10/100/1000 Base","Washington"
"222","ADV-24-10C","Advanced Switch 10GigE Copper ","Utah"
"221","BAS-08-1 C","Basic Switch  10/100/1000 Base","Alabama"
"221","ENT-24-10F","Enterprise Switch 10GigE SFP+ ","Utah"
"221","ENT-24-10F","Enterprise Switch 10GigE SFP+ ","Connecticut"
"220","BAS-08-1 C","Basic Switch  10/100/1000 Base","New Hampshire"
"220","ADV-48-10F","Advanced Switch 10 GigE Copper","Illinois"
"219","ENT-48-10F","Enterprise Switch 10GigE SFP+ ","Florida"
"219","ADV-48-10F","Advanced Switch 10 GigE Copper","Hawaii"
"219","ENT-24-10F","Enterprise Switch 10GigE SFP+ ","Alaska"
"219","ENT-48-10F","Enterprise Switch 10GigE SFP+ ","Tennessee"
"219","ADV-48-10F","Advanced Switch 10 GigE Copper","Washington"
"218","ADV-24-10C","Advanced Switch 10GigE Copper ","New Mexico"
"218","ENT-24-10F","Enterprise Switch 10GigE SFP+ ","Kentucky"
"217","ENT-24-10F","Enterprise Switch 10GigE SFP+ ","Idaho"
"217","ENT-24-10F","Enterprise Switch 10GigE SFP+ ","Rhode Island"
"216","BAS-08-1 C","Basic Switch  10/100/1000 Base","Rhode Island"
"216","ENT-24-10F","Enterprise Switch 10GigE SFP+ ","California"
"216","ADV-24-10C","Advanced Switch 10GigE Copper ","Vermont"
"216","BAS-08-1 C","Basic Switch  10/100/1000 Base","Alaska"
"216","BAS-08-1 C","Basic Switch  10/100/1000 Base","Iowa"
"215","ADV-48-10F","Advanced Switch 10 GigE Copper","New York"
"215","ENT-48-10F","Enterprise Switch 10GigE SFP+ ","Arkansas"
"215","ENT-48-10F","Enterprise Switch 10GigE SFP+ ","Idaho"
"214","ENT-48-10F","Enterprise Switch 10GigE SFP+ ","Oregon"
"214","BAS-08-1 C","Basic Switch  10/100/1000 Base","Kentucky"
"214","BAS-08-1 C","Basic Switch  10/100/1000 Base","Oregon"
"214","ENT-48-10F","Enterprise Switch 10GigE SFP+ ","Alabama"
"213","ADV-48-10F","Advanced Switch 10 GigE Copper","Connecticut"
"213","ENT-24-10F","Enterprise Switch 10GigE SFP+ ","Mississippi"
"213","BAS-08-1 C","Basic Switch  10/100/1000 Base","California"
"213","BAS-08-1 C","Basic Switch  10/100/1000 Base","Colorado"
"213","ADV-48-10F","Advanced Switch 10 GigE Copper","Florida"
"212","ADV-48-10F","Advanced Switch 10 GigE Copper","Montana"
"212","BAS-08-1 C","Basic Switch  10/100/1000 Base","Nebraska"
"212","ADV-48-10F","Advanced Switch 10 GigE Copper","Iowa"
"211","ADV-24-10C","Advanced Switch 10GigE Copper ","Connecticut"
"210","ADV-48-10F","Advanced Switch 10 GigE Copper","Louisiana"
"210","ENT-24-10F","Enterprise Switch 10GigE SFP+ ","South Dakota"
"210","ADV-24-10C","Advanced Switch 10GigE Copper ","Nevada"
"210","ADV-48-10F","Advanced Switch 10 GigE Copper","Michigan"
"209","BAS-08-1 C","Basic Switch  10/100/1000 Base","Tennessee"
"208","ADV-48-10F","Advanced Switch 10 GigE Copper","North Carolina"
"208","BAS-08-1 C","Basic Switch  10/100/1000 Base","Minnesota"
"208","ADV-24-10C","Advanced Switch 10GigE Copper ","Delaware"
"208","ADV-48-10F","Advanced Switch 10 GigE Copper","Pennsylvania"
"208","ENT-48-10F","Enterprise Switch 10GigE SFP+ ","Mississippi"
"208","ADV-48-10F","Advanced Switch 10 GigE Copper","West Virginia"
"208","BAS-08-1 C","Basic Switch  10/100/1000 Base","West Virginia"
"207","ADV-24-10C","Advanced Switch 10GigE Copper ","Mississippi"
"207","BAS-08-1 C","Basic Switch  10/100/1000 Base","Maryland"
"207","ENT-24-10F","Enterprise Switch 10GigE SFP+ ","Maryland"
"207","ENT-24-10F","Enterprise Switch 10GigE SFP+ ","Nebraska"
"207","ENT-24-10F","Enterprise Switch 10GigE SFP+ ","Arkansas"
"207","ENT-48-10F","Enterprise Switch 10GigE SFP+ ","Missouri"
"206","BAS-08-1 C","Basic Switch  10/100/1000 Base","Idaho"
"206","BAS-08-1 C","Basic Switch  10/100/1000 Base","Montana"
"206","ADV-24-10C","Advanced Switch 10GigE Copper ","Missouri"
"206","BAS-08-1 C","Basic Switch  10/100/1000 Base","Nevada"
"206","BAS-08-1 C","Basic Switch  10/100/1000 Base","Wisconsin"
"206","ENT-48-10F","Enterprise Switch 10GigE SFP+ ","Montana"
"205","ADV-48-10F","Advanced Switch 10 GigE Copper","Arizona"
"205","BAS-08-1 C","Basic Switch  10/100/1000 Base","Arkansas"
"204","ADV-24-10C","Advanced Switch 10GigE Copper ","South Dakota"
"204","ADV-48-10F","Advanced Switch 10 GigE Copper","Oklahoma"
"204","ENT-48-10F","Enterprise Switch 10GigE SFP+ ","Pennsylvania"
"204","ENT-24-10F","Enterprise Switch 10GigE SFP+ ","Oklahoma"
"204","ADV-24-10C","Advanced Switch 10GigE Copper ","Alaska"
"204","ENT-24-10F","Enterprise Switch 10GigE SFP+ ","Pennsylvania"
"204","ENT-24-10F","Enterprise Switch 10GigE SFP+ ","North Dakota"
"204","ENT-48-10F","Enterprise Switch 10GigE SFP+ ","South Dakota"
"203","ADV-48-10F","Advanced Switch 10 GigE Copper","New Hampshire"
"203","ADV-48-10F","Advanced Switch 10 GigE Copper","Minnesota"
"203","ADV-24-10C","Advanced Switch 10GigE Copper ","Oklahoma"
"203","ADV-24-10C","Advanced Switch 10GigE Copper ","Pennsylvania"
"202","ENT-24-10F","Enterprise Switch 10GigE SFP+ ","Oregon"
"201","ADV-24-10C","Advanced Switch 10GigE Copper ","Iowa"
"201","ENT-48-10F","Enterprise Switch 10GigE SFP+ ","Indiana"
"201","ADV-24-10C","Advanced Switch 10GigE Copper ","Arkansas"
"201","ENT-48-10F","Enterprise Switch 10GigE SFP+ ","Delaware"
"201","BAS-08-1 C","Basic Switch  10/100/1000 Base","Louisiana"
"200","BAS-08-1 C","Basic Switch  10/100/1000 Base","Georgia"
"200","ADV-24-10C","Advanced Switch 10GigE Copper ","North Carolina"
"200","ENT-48-10F","Enterprise Switch 10GigE SFP+ ","South Carolina"
"200","ENT-48-10F","Enterprise Switch 10GigE SFP+ ","New York"
"200","ADV-48-10F","Advanced Switch 10 GigE Copper","Mississippi"
"200","BAS-08-1 C","Basic Switch  10/100/1000 Base","Connecticut"
"200","ENT-24-10F","Enterprise Switch 10GigE SFP+ ","Tennessee"
"199","ENT-24-10F","Enterprise Switch 10GigE SFP+ ","Hawaii"
"199","ADV-48-10F","Advanced Switch 10 GigE Copper","Wyoming"
"199","ENT-24-10F","Enterprise Switch 10GigE SFP+ ","Michigan"
"199","ADV-24-10C","Advanced Switch 10GigE Copper ","Kansas"
"199","ENT-48-10F","Enterprise Switch 10GigE SFP+ ","Hawaii"
"199","ENT-48-10F","Enterprise Switch 10GigE SFP+ ","Ohio"
"199","ADV-24-10C","Advanced Switch 10GigE Copper ","Maine"
"199","ADV-24-10C","Advanced Switch 10GigE Copper ","Rhode Island"
"198","ADV-24-10C","Advanced Switch 10GigE Copper ","Oregon"
"198","ADV-48-10F","Advanced Switch 10 GigE Copper","Ohio"
"198","ENT-24-10F","Enterprise Switch 10GigE SFP+ ","Montana"
"198","ENT-24-10F","Enterprise Switch 10GigE SFP+ ","Washington"
"198","ADV-24-10C","Advanced Switch 10GigE Copper ","Montana"
"198","ADV-48-10F","Advanced Switch 10 GigE Copper","Missouri"
"198","ADV-24-10C","Advanced Switch 10GigE Copper ","Alabama"
"198","BAS-08-1 C","Basic Switch  10/100/1000 Base","Mississippi"
"197","ENT-48-10F","Enterprise Switch 10GigE SFP+ ","Wyoming"
"197","ADV-48-10F","Advanced Switch 10 GigE Copper","Arkansas"
"197","ENT-24-10F","Enterprise Switch 10GigE SFP+ ","New Mexico"
"197","ADV-24-10C","Advanced Switch 10GigE Copper ","Texas"
"197","ADV-24-10C","Advanced Switch 10GigE Copper ","Wyoming"
"197","ADV-24-10C","Advanced Switch 10GigE Copper ","West Virginia"
"197","ENT-24-10F","Enterprise Switch 10GigE SFP+ ","Indiana"
"196","BAS-08-1 C","Basic Switch  10/100/1000 Base","Indiana"
"195","BAS-08-1 C","Basic Switch  10/100/1000 Base","New Jersey"
"195","ENT-24-10F","Enterprise Switch 10GigE SFP+ ","North Carolina"
"195","ADV-48-10F","Advanced Switch 10 GigE Copper","North Dakota"
"195","BAS-08-1 C","Basic Switch  10/100/1000 Base","Maine"
"195","ADV-48-10F","Advanced Switch 10 GigE Copper","Kentucky"
"195","ENT-48-10F","Enterprise Switch 10GigE SFP+ ","North Carolina"
"195","ENT-48-10F","Enterprise Switch 10GigE SFP+ ","Oklahoma"
"194","ADV-48-10F","Advanced Switch 10 GigE Copper","California"
"194","BAS-08-1 C","Basic Switch  10/100/1000 Base","Hawaii"
"194","ENT-48-10F","Enterprise Switch 10GigE SFP+ ","Iowa"
"193","BAS-08-1 C","Basic Switch  10/100/1000 Base","South Dakota"
"193","ADV-24-10C","Advanced Switch 10GigE Copper ","Hawaii"
"193","ADV-48-10F","Advanced Switch 10 GigE Copper","Maryland"
"193","ADV-24-10C","Advanced Switch 10GigE Copper ","North Dakota"
"192","ADV-48-10F","Advanced Switch 10 GigE Copper","New Jersey"
"192","ENT-48-10F","Enterprise Switch 10GigE SFP+ ","California"
"192","ENT-48-10F","Enterprise Switch 10GigE SFP+ ","Vermont"
"192","ENT-48-10F","Enterprise Switch 10GigE SFP+ ","New Hampshire"
"192","ENT-24-10F","Enterprise Switch 10GigE SFP+ ","Alabama"
"192","ENT-48-10F","Enterprise Switch 10GigE SFP+ ","Nebraska"
"192","ENT-24-10F","Enterprise Switch 10GigE SFP+ ","Ohio"
"192","ADV-48-10F","Advanced Switch 10 GigE Copper","Rhode Island"
"192","ENT-24-10F","Enterprise Switch 10GigE SFP+ ","Wyoming"
"192","ADV-24-10C","Advanced Switch 10GigE Copper ","Florida"
"191","ENT-24-10F","Enterprise Switch 10GigE SFP+ ","Vermont"
"191","ENT-48-10F","Enterprise Switch 10GigE SFP+ ","Wisconsin"
"191","ENT-48-10F","Enterprise Switch 10GigE SFP+ ","West Virginia"
"191","ENT-48-10F","Enterprise Switch 10GigE SFP+ ","Arizona"
"191","ENT-48-10F","Enterprise Switch 10GigE SFP+ ","Michigan"
"191","ADV-24-10C","Advanced Switch 10GigE Copper ","Indiana"
"191","ADV-48-10F","Advanced Switch 10 GigE Copper","South Dakota"
"191","ENT-48-10F","Enterprise Switch 10GigE SFP+ ","Kentucky"
"191","ENT-24-10F","Enterprise Switch 10GigE SFP+ ","Iowa"
"191","ENT-24-10F","Enterprise Switch 10GigE SFP+ ","Georgia"
"190","ENT-24-10F","Enterprise Switch 10GigE SFP+ ","Illinois"
"190","ENT-24-10F","Enterprise Switch 10GigE SFP+ ","Louisiana"
"190","BAS-08-1 C","Basic Switch  10/100/1000 Base","New York"
"190","ENT-24-10F","Enterprise Switch 10GigE SFP+ ","Kansas"
"189","ENT-48-10F","Enterprise Switch 10GigE SFP+ ","Illinois"
"189","BAS-08-1 C","Basic Switch  10/100/1000 Base","Wyoming"
"189","ADV-24-10C","Advanced Switch 10GigE Copper ","Colorado"
"189","ADV-24-10C","Advanced Switch 10GigE Copper ","Georgia"
"189","BAS-08-1 C","Basic Switch  10/100/1000 Base","Arizona"
"189","ADV-48-10F","Advanced Switch 10 GigE Copper","Texas"
"189","BAS-08-1 C","Basic Switch  10/100/1000 Base","South Carolina"
"188","ADV-48-10F","Advanced Switch 10 GigE Copper","Idaho"
"188","ADV-24-10C","Advanced Switch 10GigE Copper ","Ohio"
"188","ENT-48-10F","Enterprise Switch 10GigE SFP+ ","Utah"
"188","ENT-24-10F","Enterprise Switch 10GigE SFP+ ","Florida"
"188","ADV-48-10F","Advanced Switch 10 GigE Copper","Oregon"
"188","ADV-24-10C","Advanced Switch 10GigE Copper ","Tennessee"
"188","ENT-48-10F","Enterprise Switch 10GigE SFP+ ","Minnesota"
"188","ENT-24-10F","Enterprise Switch 10GigE SFP+ ","New Hampshire"
"187","ENT-48-10F","Enterprise Switch 10GigE SFP+ ","North Dakota"
"187","ENT-48-10F","Enterprise Switch 10GigE SFP+ ","Texas"
"187","ENT-24-10F","Enterprise Switch 10GigE SFP+ ","New York"
"187","ENT-24-10F","Enterprise Switch 10GigE SFP+ ","Texas"
"187","BAS-08-1 C","Basic Switch  10/100/1000 Base","Pennsylvania"
"187","ENT-24-40F","Enterprise Switch 40GigE SFP+ ","Massachusetts"
"186","ADV-24-10C","Advanced Switch 10GigE Copper ","Michigan"
"186","ADV-48-10F","Advanced Switch 10 GigE Copper","Georgia"
"186","ENT-48-10F","Enterprise Switch 10GigE SFP+ ","Nevada"
"186","ADV-48-10F","Advanced Switch 10 GigE Copper","Delaware"
"186","BAS-08-1 C","Basic Switch  10/100/1000 Base","Michigan"
"186","ADV-24-10C","Advanced Switch 10GigE Copper ","California"
"186","ADV-24-10C","Advanced Switch 10GigE Copper ","Washington"
"185","ADV-48-10F","Advanced Switch 10 GigE Copper","Alabama"
"185","ADV-48-10F","Advanced Switch 10 GigE Copper","Kansas"
"185","ENT-24-10F","Enterprise Switch 10GigE SFP+ ","New Jersey"
"185","ADV-24-10C","Advanced Switch 10GigE Copper ","Maryland"
"185","ADV-24-10C","Advanced Switch 10GigE Copper ","Nebraska"
"185","BAS-08-1 C","Basic Switch  10/100/1000 Base","New Mexico"
"185","ADV-24-10C","Advanced Switch 10GigE Copper ","Illinois"
"185","ENT-48-10F","Enterprise Switch 10GigE SFP+ ","Maine"
"184","ADV-24-10C","Advanced Switch 10GigE Copper ","Idaho"
"184","ADV-48-10F","Advanced Switch 10 GigE Copper","Maine"
"184","ENT-48-10F","Enterprise Switch 10GigE SFP+ ","Maryland"
"184","BAS-08-1 C","Basic Switch  10/100/1000 Base","Utah"
"184","ADV-24-10C","Advanced Switch 10GigE Copper ","South Carolina"
"184","ADV-24-10C","Advanced Switch 10GigE Copper ","Kentucky"
"184","ADV-48-10F","Advanced Switch 10 GigE Copper","South Carolina"
"184","ADV-24-10C","Advanced Switch 10GigE Copper ","Wisconsin"
"183","ENT-24-10F","Enterprise Switch 10GigE SFP+ ","Colorado"
"183","BAS-08-1 C","Basic Switch  10/100/1000 Base","Illinois"
"183","BAS-08-1 C","Basic Switch  10/100/1000 Base","North Dakota"
"183","ENT-48-10F","Enterprise Switch 10GigE SFP+ ","Kansas"
"183","ADV-24-10C","Advanced Switch 10GigE Copper ","Arizona"
"183","ENT-24-10F","Enterprise Switch 10GigE SFP+ ","Nevada"
"183","ADV-48-10F","Advanced Switch 10 GigE Copper","Colorado"
"182","BAS-08-1 C","Basic Switch  10/100/1000 Base","Florida"
"182","ADV-48-10F","Advanced Switch 10 GigE Copper","New Mexico"
"182","ENT-48-10F","Enterprise Switch 10GigE SFP+ ","Colorado"
"182","ADV-24-10C","Advanced Switch 10GigE Copper ","Louisiana"
"182","ENT-48-10F","Enterprise Switch 10GigE SFP+ ","Rhode Island"
"182","ADV-48-10F","Advanced Switch 10 GigE Copper","Vermont"
"182","BAS-08-1 C","Basic Switch  10/100/1000 Base","Vermont"
"181","ADV-48-10F","Advanced Switch 10 GigE Copper","Tennessee"
"180","BAS-08-1 C","Basic Switch  10/100/1000 Base","Texas"
"180","ENT-24-10F","Enterprise Switch 10GigE SFP+ ","South Carolina"
"180","ENT-48-10F","Enterprise Switch 10GigE SFP+ ","New Jersey"
"180","ADV-48-10F","Advanced Switch 10 GigE Copper","Nebraska"
"179","BAS-08-1 C","Basic Switch  10/100/1000 Base","Delaware"
"179","BAS-08-1 C","Basic Switch  10/100/1000 Base","Oklahoma"
"179","ADV-24-10C","Advanced Switch 10GigE Copper ","New York"
"179","ADV-48-10F","Advanced Switch 10 GigE Copper","Alaska"
"177","ENT-24-10F","Enterprise Switch 10GigE SFP+ ","Minnesota"
"176","BAS-08-1 C","Basic Switch  10/100/1000 Base","Ohio"
"176","ADV-24-10C","Advanced Switch 10GigE Copper ","Minnesota"
"175","ENT-24-10F","Enterprise Switch 10GigE SFP+ ","Maine"
"174","ENT-24-10F","Enterprise Switch 10GigE SFP+ ","Arizona"
"172","ENT-24-10F","Enterprise Switch 10GigE SFP+ ","Missouri"
"172","ADV-24-10C","Advanced Switch 10GigE Copper ","New Jersey"
"172","BAS-08-1 C","Basic Switch  10/100/1000 Base","North Carolina"
"171","ADV-48-10F","Advanced Switch 10 GigE Copper","Nevada"
"171","BAS-08-1 C","Basic Switch  10/100/1000 Base","Missouri"
"171","ADV-24-10C","Advanced Switch 10GigE Copper ","New Hampshire"
"169","ENT-48-10F","Enterprise Switch 10GigE SFP+ ","Washington"
"168","ADV-48-10F","Advanced Switch 10 GigE Copper","Utah"
"165","ADV-48-10F","Advanced Switch 10 GigE Copper","Indiana"
"161","ENT-48-10F","Enterprise Switch 10GigE SFP+ ","Georgia"
"124","ENT-24-40F","Enterprise Switch 40GigE SFP+ ","Idaho"
"118","ENT-24-40F","Enterprise Switch 40GigE SFP+ ","Indiana"
"116","ENT-24-40F","Enterprise Switch 40GigE SFP+ ","Missouri"
"114","ENT-24-40F","Enterprise Switch 40GigE SFP+ ","Kentucky"
"110","ENT-24-40F","Enterprise Switch 40GigE SFP+ ","Arkansas"
"108","ENT-24-40F","Enterprise Switch 40GigE SFP+ ","Vermont"
"106","ENT-24-40F","Enterprise Switch 40GigE SFP+ ","Wisconsin"
"104","ENT-24-40F","Enterprise Switch 40GigE SFP+ ","Louisiana"
"104","ENT-24-40F","Enterprise Switch 40GigE SFP+ ","Texas"
"103","ENT-24-40F","Enterprise Switch 40GigE SFP+ ","Pennsylvania"
"103","ENT-24-40F","Enterprise Switch 40GigE SFP+ ","Wyoming"
"103","ENT-24-40F","Enterprise Switch 40GigE SFP+ ","Oregon"
"102","ENT-24-40F","Enterprise Switch 40GigE SFP+ ","Tennessee"
"101","ENT-24-40F","Enterprise Switch 40GigE SFP+ ","Arizona"
"101","ENT-24-40F","Enterprise Switch 40GigE SFP+ ","Oklahoma"
"100","ENT-24-40F","Enterprise Switch 40GigE SFP+ ","Nevada"
"100","ENT-24-40F","Enterprise Switch 40GigE SFP+ ","Michigan"
"99","ENT-24-40F","Enterprise Switch 40GigE SFP+ ","Mississippi"
"99","ENT-24-40F","Enterprise Switch 40GigE SFP+ ","New Hampshire"
"99","ENT-24-40F","Enterprise Switch 40GigE SFP+ ","New Mexico"
"98","ENT-24-40F","Enterprise Switch 40GigE SFP+ ","West Virginia"
"97","ENT-24-40F","Enterprise Switch 40GigE SFP+ ","Alaska"
"97","ENT-24-40F","Enterprise Switch 40GigE SFP+ ","Minnesota"
"97","ENT-24-40F","Enterprise Switch 40GigE SFP+ ","North Carolina"
"97","ENT-24-40F","Enterprise Switch 40GigE SFP+ ","Georgia"
"97","ENT-24-40F","Enterprise Switch 40GigE SFP+ ","Florida"
"96","ENT-24-40F","Enterprise Switch 40GigE SFP+ ","Delaware"
"95","ENT-24-40F","Enterprise Switch 40GigE SFP+ ","Rhode Island"
"95","ENT-24-40F","Enterprise Switch 40GigE SFP+ ","Washington"
"94","ENT-24-40F","Enterprise Switch 40GigE SFP+ ","South Carolina"
"92","ENT-24-40F","Enterprise Switch 40GigE SFP+ ","South Dakota"
"92","ENT-24-40F","Enterprise Switch 40GigE SFP+ ","Ohio"
"91","ENT-24-40F","Enterprise Switch 40GigE SFP+ ","New York"
"91","ENT-24-40F","Enterprise Switch 40GigE SFP+ ","New Jersey"
"91","ENT-24-40F","Enterprise Switch 40GigE SFP+ ","Iowa"
"90","ENT-24-40F","Enterprise Switch 40GigE SFP+ ","Maryland"
"88","ENT-24-40F","Enterprise Switch 40GigE SFP+ ","Colorado"
"86","ENT-24-40F","Enterprise Switch 40GigE SFP+ ","Kansas"
"86","ENT-24-40F","Enterprise Switch 40GigE SFP+ ","Illinois"
"86","ENT-24-40F","Enterprise Switch 40GigE SFP+ ","Montana"
"85","ENT-24-40F","Enterprise Switch 40GigE SFP+ ","Utah"
"85","ENT-24-40F","Enterprise Switch 40GigE SFP+ ","North Dakota"
"85","ENT-24-40F","Enterprise Switch 40GigE SFP+ ","Nebraska"
"83","ENT-24-40F","Enterprise Switch 40GigE SFP+ ","Alabama"
"83","ENT-24-40F","Enterprise Switch 40GigE SFP+ ","California"
"83","ENT-24-40F","Enterprise Switch 40GigE SFP+ ","Maine"
"82","ENT-24-40F","Enterprise Switch 40GigE SFP+ ","Hawaii"
"76","ENT-24-40F","Enterprise Switch 40GigE SFP+ ","Connecticut"
"5","BAS-24-1 C","Basic Switch 10/100/1000 BaseT","Rhode Island"
"5","BAS-24-1 C","Basic Switch 10/100/1000 BaseT","Georgia"
"5","BAS-24-1 C","Basic Switch 10/100/1000 BaseT","Pennsylvania"
"4","BAS-24-1 C","Basic Switch 10/100/1000 BaseT","Connecticut"
"4","BAS-24-1 C","Basic Switch 10/100/1000 BaseT","New Jersey"
"3","BAS-24-1 C","Basic Switch 10/100/1000 BaseT","Missouri"
"3","BAS-24-1 C","Basic Switch 10/100/1000 BaseT","North Carolina"
"3","BAS-24-1 C","Basic Switch 10/100/1000 BaseT","New Hampshire"
"3","BAS-24-1 C","Basic Switch 10/100/1000 BaseT","New York"
"3","BAS-24-1 C","Basic Switch 10/100/1000 BaseT","West Virginia"
"3","BAS-24-1 C","Basic Switch 10/100/1000 BaseT","Alabama"
"3","BAS-24-1 C","Basic Switch 10/100/1000 BaseT","Nevada"
"3","BAS-24-1 C","Basic Switch 10/100/1000 BaseT","Florida"
"2","BAS-24-1 C","Basic Switch 10/100/1000 BaseT","Texas"
"2","BAS-24-1 C","Basic Switch 10/100/1000 BaseT","Minnesota"
"2","BAS-24-1 C","Basic Switch 10/100/1000 BaseT","Ohio"
"2","BAS-24-1 C","Basic Switch 10/100/1000 BaseT","South Dakota"
"2","BAS-24-1 C","Basic Switch 10/100/1000 BaseT","Illinois"
"2","BAS-24-1 C","Basic Switch 10/100/1000 BaseT","North Dakota"
"2","BAS-24-1 C","Basic Switch 10/100/1000 BaseT","Montana"
"2","BAS-24-1 C","Basic Switch 10/100/1000 BaseT","Massachusetts"
"2","BAS-24-1 C","Basic Switch 10/100/1000 BaseT","California"
"2","BAS-24-1 C","Basic Switch 10/100/1000 BaseT","Oklahoma"
"1","BAS-24-1 C","Basic Switch 10/100/1000 BaseT","Maryland"
"1","BAS-24-1 C","Basic Switch 10/100/1000 BaseT","Oregon"
"1","BAS-24-1 C","Basic Switch 10/100/1000 BaseT","Kentucky"
"1","BAS-24-1 C","Basic Switch 10/100/1000 BaseT","Maine"
"1","BAS-24-1 C","Basic Switch 10/100/1000 BaseT","Tennessee"
"1","BAS-24-1 C","Basic Switch 10/100/1000 BaseT","Mississippi"
"1","BAS-24-1 C","Basic Switch 10/100/1000 BaseT","Arizona"
"1","BAS-24-1 C","Basic Switch 10/100/1000 BaseT","Michigan"
"1","BAS-24-1 C","Basic Switch 10/100/1000 BaseT","New Mexico"
"1","BAS-24-1 C","Basic Switch 10/100/1000 BaseT","Arkansas"
"1","BAS-24-1 C","Basic Switch 10/100/1000 BaseT","Indiana"
"1","BAS-24-1 C","Basic Switch 10/100/1000 BaseT","Louisiana"
"1","BAS-24-1 C","Basic Switch 10/100/1000 BaseT","Hawaii"
"1","BAS-24-1 C","Basic Switch 10/100/1000 BaseT","Vermont"
"1","BAS-24-1 C","Basic Switch 10/100/1000 BaseT","Washington"
"1","BAS-24-1 C","Basic Switch 10/100/1000 BaseT","Utah"
"1","BAS-24-1 C","Basic Switch 10/100/1000 BaseT","Wyoming"
"1","BAS-24-1 C","Basic Switch 10/100/1000 BaseT","Colorado"
"1","BAS-24-1 C","Basic Switch 10/100/1000 BaseT","Wisconsin"
